x,y,z,azimuth,dip,polarity,formation
10.518639,0,43.33,174.38,0.07,1,rock2
10.518639,0,43.53,281.7,0.05,1,rock1
10.518639,0,43.52,276.96,0.04,1,rock3
